,accuracy,precision,recall,auc,criterion,splitter,max_depth
0,0.8285,0.8981661272923409,0.7700702922678505,0.8336637921940036,gini,best,
0,0.8329,0.8838643371017472,0.7954125046244913,0.836213000244331,gini,random,
0,0.8292,0.8983196897888841,0.7713651498335183,0.8343112209768375,entropy,best,
0,0.8313,0.8719743948789758,0.8063263041065483,0.8335070789143973,entropy,random,
0,0.8292,0.8983196897888841,0.7713651498335183,0.8343112209768375,log_loss,best,
0,0.8313,0.8719743948789758,0.8063263041065483,0.8335070789143973,log_loss,random,
