,accuracy,precision,recall,auc,learning_rate,n_estimators
0,0.8291,0.9138124020595478,0.755086940436552,0.8356409887206705,0.1,100
0,0.8315,0.9107970854493266,0.7630410654827969,0.8375501365724825,0.1,200
0,0.8316,0.9014236410698878,0.7730299667036626,0.8367761936261021,0.1,300
0,0.8321,0.9020496224379719,0.7733999260081391,0.8372876861211788,0.1,400
0,0.8336,0.8937289562289562,0.7856085830558639,0.837841296316787,0.3,100
0,0.8345,0.8952581664910432,0.7857935627081021,0.8388044870571421,0.3,200
0,0.8356,0.8975063398140322,0.7856085830558639,0.8400180486023768,0.3,300
0,0.8354,0.8966244725738397,0.7861635220125787,0.8397513300093368,0.3,400
