,accuracy,precision,recall,auc,criterion,max_depth,n_estimators
0,0.8511,0.8880523083019616,0.8290788013318535,0.8530461485980121,entropy,,100
0,0.8503,0.8864939687561796,0.8292637809840917,0.8521590998956157,entropy,,200
0,0.8508,0.8873713380839272,0.8292637809840917,0.8527032879670132,entropy,,300
0,0.8508,0.8876782884310618,0.8288938216796152,0.852735983543334,entropy,,400
