,accuracy,precision,recall,auc,n_estimators
0,0.8518,0.8731456827691138,0.8492415834258231,0.8520261029884884,50
0,0.8594,0.880517503805175,0.8560858305586385,0.8596928935117963,100
0,0.8635,0.8880353370462839,0.8553459119496856,0.8642206268498972,200
0,0.8651,0.8912246865959499,0.8547909729929708,0.8660110720428502,300
0,0.8643,0.8913589793156775,0.8529411764705882,0.8653038490102178,400
0,0.8628,0.8890817901234568,0.8525712171661117,0.8637039803723463,500
